_id,symbol,name,price,dayHigh,dayLow,volume,open,close,timestamp,time
67365919b8ace27fb7f3ddcc,BTC,Bitcoin USD,88480.8,91831.25,87491,131833515578.24005,90497.54,90497.54,1731614999,2024-11-14 20:10:01.360000
67364b09f8e7847322921a21,BTC,Bitcoin USD,89402.66,91831.25,87491,131833515578.24005,90497.54,90497.54,1731611400,2024-11-14 19:10:01.693000
67363cf98b6e0f996247e840,BTC,Bitcoin USD,89695.5,91831.25,87491,131833515578.24005,90497.54,90497.54,1731607800,2024-11-14 18:10:01.284000
67362ee9ef087629033c0954,BTC,Bitcoin USD,89110.99,91831.25,87491,131833515578.24005,90497.54,90497.54,1731604199,2024-11-14 17:10:01.389000
673620d97dde9fc48bf2114f,BTC,Bitcoin USD,88174.1,91831.25,87491,131833515578.24005,90497.54,90497.54,1731600600,2024-11-14 16:10:01.319000
673612cb89acbe9d67185075,BTC,Bitcoin USD,89132.2,91831.25,87726.6,131833515578.24005,90497.54,90497.54,1731597001,2024-11-14 15:10:03.408000
673604b977875181baa9318e,BTC,Bitcoin USD,90807.01,91715.26,89111,118049136640,90497.54,90497.54,1731593399,2024-11-14 14:10:01.252000
6735f6a9d331d23e4c3df3cd,BTC,Bitcoin USD,91240.28,91715.26,89111,118049136640,90497.54,90497.54,1731589799,2024-11-14 13:10:01.276000
6735e899378b1f02aabe1031,BTC,Bitcoin USD,91271.03,91715.26,89111,118049136640,90497.54,90497.54,1731586199,2024-11-14 12:10:01.271000
6735da89009fb4a28145d20e,BTC,Bitcoin USD,90689.87,91479.89,89111,118049136640,90497.54,90497.54,1731582599,2024-11-14 11:10:01.257000
6735cc79c9cb9a72876666a5,BTC,Bitcoin USD,91395.1,91478.77,89111,118049136640,90497.54,90497.54,1731579000,2024-11-14 10:10:01.221000
6735be69506a8cb50f795c0d,BTC,Bitcoin USD,90792.34,91478.77,89111,118049136640,90497.54,90497.54,1731575400,2024-11-14 09:10:01.309000
6735b059730160c1010c75b0,BTC,Bitcoin USD,91265,91305.55,89111,118710337536,90497.54,90497.54,1731571799,2024-11-14 08:10:01.264000
6735a24a9b3667b985aae70a,BTC,Bitcoin USD,89476.73,90651.64,89111,118710337536,90497.54,90497.54,1731568200,2024-11-14 07:10:02.117000
6735943a82688c1cb3c9de2c,BTC,Bitcoin USD,90317.66,90651.64,89347,118710337536,90497.54,90497.54,1731564600,2024-11-14 06:10:02.048000
673586296ea80d67c66fc664,BTC,Bitcoin USD,90041,90651.64,89347,118710337536,90497.54,90497.54,1731561001,2024-11-14 05:10:01.908000
6735781992692dcd874c0fb3,BTC,Bitcoin USD,89939.77,93495,86000,133335280701.5912,88032.29,88032.29,1731557400,2024-11-14 04:10:01.825000
67356a09e04c34a1fed618b2,BTC,Bitcoin USD,89992.64,93495,86000,133335280701.5912,88032.29,88032.29,1731553801,2024-11-14 03:10:01.717000
67355bf928478a738c904d87,BTC,Bitcoin USD,90439.87,93495,86000,133335280701.5912,88032.29,88032.29,1731550200,2024-11-14 02:10:01.988000
67354de9bfec453a2be4fc35,BTC,Bitcoin USD,90275.83,93495,86000,133335280701.5912,88032.29,88032.29,1731546599,2024-11-14 01:10:01.282000
67353fda7bd3ea88eef20192,BTC,Bitcoin USD,90312.96,93495,86000,120501030592.62773,88032.29,88032.29,1731543000,2024-11-14 00:10:02.763000
673531c94f98124ab2a1fc24,BTC,Bitcoin USD,89495.23,93495,86000,120501030592.62773,88032.29,88032.29,1731539400,2024-11-13 23:10:01.776000
673523b9fb1a381becd76ec5,BTC,Bitcoin USD,89367.1,93495,86000,120501030592.62773,88032.29,88032.29,1731535800,2024-11-13 22:10:01.219000
673515a936f62aa824891bb0,BTC,Bitcoin USD,88765.94,93495,86000,120501030592.62773,88032.29,88032.29,1731532200,2024-11-13 21:10:01.236000
6735079a4e6bd35dbd207452,BTC,Bitcoin USD,90604.7,93495,86000,120501030592.62773,88032.29,88032.29,1731528600,2024-11-13 20:10:02.121000
6734f9891b014cb354386466,BTC,Bitcoin USD,91709.97,93495,86000,120501030592.62773,88032.29,88032.29,1731525000,2024-11-13 19:10:01.272000
6734eb7964e6e3878294fe69,BTC,Bitcoin USD,92476.1,93495,86000,120501030592.62773,88032.29,88032.29,1731521400,2024-11-13 18:10:01.925000
6734dd69941b6ade6dba8ead,BTC,Bitcoin USD,92599.6,93495,86000,120501030592.62773,88032.29,88032.29,1731517800,2024-11-13 17:10:01.949000
6734cf5a703cf22525daf331,BTC,Bitcoin USD,92883,92929,86000,120501030592.62773,88032.29,88032.29,1731514200,2024-11-13 16:10:02.282000
6734c14a99a77199a53e093d,BTC,Bitcoin USD,91015.9,91981.63,86000,120501030592.62773,88032.29,88032.29,1731510601,2024-11-13 15:10:02.550000
6734b33a4c2cecd46a4f70f5,BTC,Bitcoin USD,89622.39,89877,86000,120501030592.62773,88032.29,88032.29,1731507001,2024-11-13 14:10:02.084000
6734a529f2bc24a7acb9b33e,BTC,Bitcoin USD,87769.04,88666,86000,120501030592.62773,88032.29,88032.29,1731503401,2024-11-13 13:10:01.763000
673497197caf9acaaabda516,BTC,Bitcoin USD,87734.49,88666,86000,107464559986.8988,88032.29,88032.29,1731499800,2024-11-13 12:10:01.878000
673489095ca8f35c4fab958c,BTC,Bitcoin USD,87671.53,88666,86000,107464559986.8988,88032.29,88032.29,1731496200,2024-11-13 11:10:01.752000
67347af98b3a5084d3cc6e32,BTC,Bitcoin USD,87359.78,88666,86000,134414574326.53937,88032.29,88032.29,1731492601,2024-11-13 10:10:01.741000
67346ce95f96ab93a88e4f08,BTC,Bitcoin USD,87416.04,88666,86000,117034999808,88032.29,88032.29,1731488999,2024-11-13 09:10:01.214000
67345ed99c28a0abf60f9633,BTC,Bitcoin USD,87357.88,88666,86000,128468473103.39531,88032.29,88032.29,1731485400,2024-11-13 08:10:01.759000
673450c9f810bfe281fbe635,BTC,Bitcoin USD,86967.58,88666,86000,128468473103.39531,88032.29,88032.29,1731481799,2024-11-13 07:10:01.276000
673442b945ff098198ed5f30,BTC,Bitcoin USD,86688.28,88666,86254.4,128468473103.39531,88032.29,88032.29,1731478200,2024-11-13 06:10:01.839000
673434a99e70fe12062daf16,BTC,Bitcoin USD,87221.38,88666,86254.4,122256375808,88032.29,88032.29,1731474600,2024-11-13 05:10:01.759000
6734269985c8cd0a4aa0d6f9,BTC,Bitcoin USD,87539.91,90243,85010,147667605433.43262,88741.79,88741.79,1731471000,2024-11-13 04:10:01.712000
67341889748c3304aa3874eb,BTC,Bitcoin USD,87897.23,90243,85010,147667605433.43262,88741.79,88741.79,1731467400,2024-11-13 03:10:01.763000
67340a7997b762324c69f34a,BTC,Bitcoin USD,88186.59,90243,85010,147667605433.43262,88741.79,88741.79,1731463800,2024-11-13 02:10:01.525000
6733fc6a7e26678ee4126765,BTC,Bitcoin USD,88465.48,90243,85010,147667605433.43262,88741.79,88741.79,1731460200,2024-11-13 01:10:02.484000
6733ee59b361f7c4da757e05,BTC,Bitcoin USD,88128.8,90243,85010,147667605433.43262,88741.79,88741.79,1731456601,2024-11-13 00:10:01.825000
6733e04934ce90aeaa36d5de,BTC,Bitcoin USD,88480.12,90243,85010,156465075981.61176,88741.79,88741.79,1731453000,2024-11-12 23:10:01.752000
6733d23a2fe891ded104e7c3,BTC,Bitcoin USD,87859.84,90243,85010,156465075981.61176,88741.79,88741.79,1731449400,2024-11-12 22:10:02.166000
6733c42bbba23dbc67da33e2,BTC,Bitcoin USD,89170.25,90243,85010,156465075981.61176,88741.79,88741.79,1731445801,2024-11-12 21:10:03.018000
6733b6190e530cbe66320f26,BTC,Bitcoin USD,89434.05,89993.69,85010,156465075981.61176,88741.79,88741.79,1731442200,2024-11-12 20:10:01.854000
6733a8091a6b92dcaf77b2e7,BTC,Bitcoin USD,89360.88,89993.69,85010,156465075981.61176,88741.79,88741.79,1731438601,2024-11-12 19:10:01.809000
673399fa3d8801968982283e,BTC,Bitcoin USD,87417.36,89993.69,85010,156465075981.61176,88741.79,88741.79,1731435001,2024-11-12 18:10:02.543000
67338beae6a7bf4b408920ec,BTC,Bitcoin USD,87426.9,89993.69,85010,156465075981.61176,88741.79,88741.79,1731431400,2024-11-12 17:10:02.264000
67337ddbf9bc0ceb86bbf1dc,BTC,Bitcoin USD,86231,89993.69,85010,156465075981.61176,88741.79,88741.79,1731427801,2024-11-12 16:10:03.076000
67336fc9f5eed9bb17bd4b8e,BTC,Bitcoin USD,87209,89993.69,85010,156465075981.61176,88741.79,88741.79,1731424200,2024-11-12 15:10:01.866000
673361b97bb7ebe61fb5ab4b,BTC,Bitcoin USD,86372.66,89993.69,85010,156465075981.61176,88741.79,88741.79,1731420600,2024-11-12 14:10:01.634000
673353a9a2f1095768987354,BTC,Bitcoin USD,86193.84,89993.69,85208,156465075981.61176,88741.79,88741.79,1731417001,2024-11-12 13:10:01.799000
67334599312881b9cdbecab3,BTC,Bitcoin USD,87577.1,89993.69,85208,169826385600.55588,88741.79,88741.79,1731413401,2024-11-12 12:10:01.723000
6733378970108fe6055fa732,BTC,Bitcoin USD,86934.4,89993.69,85208,167351617885.92572,88741.79,88741.79,1731409799,2024-11-12 11:10:01.562000
673329791d8cb87092111696,BTC,Bitcoin USD,87773.1,89993.69,86521,145544232960,88741.79,88741.79,1731406200,2024-11-12 10:10:01.994000
67331b6acd9acea4912df88f,BTC,Bitcoin USD,88682.55,89993.69,86521,145544232960,88741.79,88741.79,1731402600,2024-11-12 09:10:02.308000
67330d5952ec02e47ca905e9,BTC,Bitcoin USD,88948.18,89993.69,86521,153947474807.6385,88741.79,88741.79,1731399000,2024-11-12 08:10:01.737000
6732ff4a7ebc26c2931e2473,BTC,Bitcoin USD,89473.39,89933.18,86521,153947474807.6385,88741.79,88741.79,1731395400,2024-11-12 07:10:02.765000
6732f13b8b4921723f1d6db6,BTC,Bitcoin USD,88456.86,89600,86521,153947474807.6385,88741.79,88741.79,1731391801,2024-11-12 06:10:03.450000
6732e32943186a37312c293d,BTC,Bitcoin USD,88456.61,89600,86521,133091483648,88741.79,88741.79,1731388201,2024-11-12 05:10:01.977000
6732d51905c63b322ed3f647,BTC,Bitcoin USD,88011.62,89666,80386.3,146317620363.7002,80444.125,80444.125,1731384600,2024-11-12 04:10:01.781000
6732c70966a82c7c32554e30,BTC,Bitcoin USD,88031.57,89666,80386.3,146317620363.7002,80444.125,80444.125,1731381000,2024-11-12 03:10:01.759000
6732b8f9e64f9f46905bf63c,BTC,Bitcoin USD,88677,89666,80386.3,146317620363.7002,80444.125,80444.125,1731377400,2024-11-12 02:10:01.629000
6732aaea6cce5e5023a1168c,BTC,Bitcoin USD,89363.29,89666,80386.3,111894247395.61317,80444.125,80444.125,1731373801,2024-11-12 01:10:02.120000
67329cd95db1cc766b5c97c4,BTC,Bitcoin USD,88287.15,89666,80386.3,111894247395.61317,80444.125,80444.125,1731370201,2024-11-12 00:10:01.552000
67328ec978b1ceff73f83f7d,BTC,Bitcoin USD,88787.91,89000,80386.3,111894247395.61317,80444.125,80444.125,1731366600,2024-11-11 23:10:01.831000
673280baa9059580edabc032,BTC,Bitcoin USD,87892.09,88499,80386.3,111894247395.61317,80444.125,80444.125,1731363001,2024-11-11 22:10:02.043000
673272a99b6d861589d413ed,BTC,Bitcoin USD,87153.47,87548.52,80386.3,111894247395.61317,80444.125,80444.125,1731359400,2024-11-11 21:10:01.722000
67326499554b87d0d768b830,BTC,Bitcoin USD,86924.4,86958.37,80386.3,111894247395.61317,80444.125,80444.125,1731355801,2024-11-11 20:10:01.810000
6732568a5ce5eb6273c6da3f,BTC,Bitcoin USD,86240,86847,80386.3,111894247395.61317,80444.125,80444.125,1731352200,2024-11-11 19:10:02.554000
6732487a2bf5636c2054e09d,BTC,Bitcoin USD,84650.19,85000,80386.3,111894247395.61317,80444.125,80444.125,1731348602,2024-11-11 18:10:02.893000
67323a6aad362259b5340058,BTC,Bitcoin USD,84773.57,85000,80386.3,89308534758.79112,80444.125,80444.125,1731345001,2024-11-11 17:10:02.431000
67322c592a7a370a2e3a79e7,BTC,Bitcoin USD,84704.22,84945,80386.3,89308534758.79112,80444.125,80444.125,1731341401,2024-11-11 16:10:01.724000
67321e49f673fed464fc8c5b,BTC,Bitcoin USD,82795.96,82939.25,80386.3,89308534758.79112,80444.125,80444.125,1731337800,2024-11-11 15:10:01.506000
673210394ac09046ee9fb8c3,BTC,Bitcoin USD,82150,82544.09,80386.3,89308534758.79112,80444.125,80444.125,1731334200,2024-11-11 14:10:01.234000
673202298048a8bd86cb2439,BTC,Bitcoin USD,82018.02,82544.09,80386.3,89308534758.79112,80444.125,80444.125,1731330600,2024-11-11 13:10:01.578000
6731f4193358cfb699c59604,BTC,Bitcoin USD,82304.88,82444.39,80386.3,89308534758.79112,80444.125,80444.125,1731327000,2024-11-11 12:10:01.868000
6731e60abaffd82cafe70681,BTC,Bitcoin USD,82110.78,82444.39,80386.3,90226016161.98866,80444.125,80444.125,1731323400,2024-11-11 11:10:02.298000
6731d7f9703013857b25ad09,BTC,Bitcoin USD,82080,82103,80386.3,85648467367.3318,80444.125,80444.125,1731319800,2024-11-11 10:10:01.340000
6731c9e93205280a5a925883,BTC,Bitcoin USD,81442.9,81943.26,80386.3,78038835200,80444.125,80444.125,1731316200,2024-11-11 09:10:01.735000
6731bbd9064cf567213d7cfc,BTC,Bitcoin USD,81375.62,81943.26,80386.3,90803016216.17816,80444.125,80444.125,1731312601,2024-11-11 08:10:01.983000
6731adc98f3acf2ccd04bf78,BTC,Bitcoin USD,81014.56,81943.26,80386.3,90803016216.17816,80444.125,80444.125,1731309000,2024-11-11 07:10:01.706000
67319fbb50d20417b77f19d0,BTC,Bitcoin USD,80920.22,81943.26,80386.3,90803016216.17816,80444.125,80444.125,1731305400,2024-11-11 06:10:03.164000
673191a9601b321627a44e91,BTC,Bitcoin USD,81552.15,81943.26,80386.3,93500827535.85242,80444.125,80444.125,1731301799,2024-11-11 05:10:01.278000
673183999e310bf95a58d9cb,BTC,Bitcoin USD,81619.8,81943.26,76580.66,92540279055.30923,76721.086,76721.086,1731298199,2024-11-11 04:10:01.267000
673175894561931718012f34,BTC,Bitcoin USD,81407.21,81788.99,76580.66,54478324765.87807,76721.086,76721.086,1731294599,2024-11-11 03:10:01.316000
67316779eae10880afc915bb,BTC,Bitcoin USD,81298.5,81788.99,76580.66,54478324765.87807,76721.086,76721.086,1731291000,2024-11-11 02:10:01.122000
67315969c963a4fb0a098555,BTC,Bitcoin USD,80444.68,81534.28,76580.66,54478324765.87807,76721.086,76721.086,1731287398,2024-11-11 01:10:01.078000
67314b598e0a2d61f5dc677c,BTC,Bitcoin USD,80519.61,81534.28,76580.66,54478324765.87807,76721.086,76721.086,1731283799,2024-11-11 00:10:01.356000
67313d4981a57c2e763b5168,BTC,Bitcoin USD,80303.87,81534.28,76580.66,54478324765.87807,76721.086,76721.086,1731280199,2024-11-10 23:10:01.351000
67312f390aab7f1fe0074b18,BTC,Bitcoin USD,80326.52,81111,76580.66,54478324765.87807,76721.086,76721.086,1731276600,2024-11-10 22:10:01.284000
67312129bf4cecc0a7d6f226,BTC,Bitcoin USD,78782.31,81111,76580.66,54478324765.87807,76721.086,76721.086,1731273000,2024-11-10 21:10:01.949000
67311319c17cddb559fef4e8,BTC,Bitcoin USD,79539.7,81111,76580.66,54478324765.87807,76721.086,76721.086,1731269399,2024-11-10 20:10:01.328000
67310509090eb0b28b8d176f,BTC,Bitcoin USD,80851.9,81111,76580.66,54478324765.87807,76721.086,76721.086,1731265799,2024-11-10 19:10:01.111000
6730f6fa96f4845a90fab431,BTC,Bitcoin USD,80653,80977.74,76580.66,54478324765.87807,76721.086,76721.086,1731262201,2024-11-10 18:10:02.953000
6730e8e9a6188a0c8a96f25d,BTC,Bitcoin USD,79804.04,80137.69,76580.66,54478324765.87807,76721.086,76721.086,1731258599,2024-11-10 17:10:01.305000
6730dad9da851987a4bf19ec,BTC,Bitcoin USD,79646,80137.69,76580.66,54478324765.87807,76721.086,76721.086,1731254999,2024-11-10 16:10:01.054000
6730ccc9b34125c6332e890c,BTC,Bitcoin USD,79610.48,80137.69,76580.66,54478324765.87807,76721.086,76721.086,1731251399,2024-11-10 15:10:01.386000
6730beb94175e7b197789d08,BTC,Bitcoin USD,79750.64,80137.69,76580.66,54478324765.87807,76721.086,76721.086,1731247799,2024-11-10 14:10:01.477000
6730b0a9a0a9ea33989320c3,BTC,Bitcoin USD,79731.76,80137.69,76580.66,54478324765.87807,76721.086,76721.086,1731244199,2024-11-10 13:10:01.428000
6730a299b05d85bce9ffaff3,BTC,Bitcoin USD,79580.38,80137.69,76580.66,54478324765.87807,76721.086,76721.086,1731240599,2024-11-10 12:10:01.048000
673094895a0b2feb1d5294ef,BTC,Bitcoin USD,79719.71,79829.2,76580.66,54478324765.87807,76721.086,76721.086,1731236999,2024-11-10 11:10:01.309000
67308679cb2efa71863b808e,BTC,Bitcoin USD,79414,79799.79,76580.66,54478324765.87807,76721.086,76721.086,1731233399,2024-11-10 10:10:01.149000
673078693093b3e15ad8a8eb,BTC,Bitcoin USD,79250.99,79799.79,76580.66,47606194176,76721.086,76721.086,1731229799,2024-11-10 09:10:01.380000
67306a5954c0863e6eb4b29e,BTC,Bitcoin USD,79035,79799.79,76580.66,43380412811.502655,76721.086,76721.086,1731226200,2024-11-10 08:10:01.529000
67305c49bd7691e283202d54,BTC,Bitcoin USD,79019,79799.79,76580.66,43380412811.502655,76721.086,76721.086,1731222599,2024-11-10 07:10:01.295000
67304e3987580f8efb675307,BTC,Bitcoin USD,79142.6,79799.79,76580.66,43380412811.502655,76721.086,76721.086,1731219001,2024-11-10 06:10:01.694000
67304029e57cdd44b8a143de,BTC,Bitcoin USD,79210.68,79366.23,76580.66,43380412811.502655,76721.086,76721.086,1731215400,2024-11-10 05:10:01.376000
67303219de369b81f79487b5,BTC,Bitcoin USD,77321.85,77679,75648,31222387078.87995,76549.12,76549.12,1731211800,2024-11-10 04:10:01.284000
6730240a3c8b84ae730d868d,BTC,Bitcoin USD,77191.41,77520.41,75648,32308361048.033436,76549.12,76549.12,1731208201,2024-11-10 03:10:02.736000
673015f9752a4a3d2924149f,BTC,Bitcoin USD,76886,77150,75648,33353431486.661366,76549.12,76549.12,1731204599,2024-11-10 02:10:01.368000
673007e9821e2f6d67e0d8a0,BTC,Bitcoin USD,76744.08,77150,75648,27477802532.360462,76549.12,76549.12,1731200999,2024-11-10 01:10:01.315000
672ff9da6907b59e84b5a202,BTC,Bitcoin USD,76645.71,76952.67,75648,27477802532.360462,76549.12,76549.12,1731197400,2024-11-10 00:10:02.088000
672febc99badb59b49798579,BTC,Bitcoin USD,76740.36,76845,75648,27477802532.360462,76549.12,76549.12,1731193799,2024-11-09 23:10:01.377000
672fddb99411d3e2d781982f,BTC,Bitcoin USD,76420.04,76845,75648,31882815737.16604,76549.12,76549.12,1731190199,2024-11-09 22:10:01.168000
672fcfa92456a7ae388260ca,BTC,Bitcoin USD,76288.48,76845,75648,31882815737.16604,76549.12,76549.12,1731186599,2024-11-09 21:10:01.359000
672fc19913d622bd12c7c10f,BTC,Bitcoin USD,76324.89,76845,75648,31882815737.16604,76549.12,76549.12,1731183000,2024-11-09 20:10:01.339000
672fb3891d46ac364fe9976a,BTC,Bitcoin USD,76526.01,76845,75648,35866240027.274475,76549.12,76549.12,1731179400,2024-11-09 19:10:01.340000
672fa579f8b94827a6e1712c,BTC,Bitcoin USD,76275.31,76845,75648,48063384179.366425,76549.12,76549.12,1731175799,2024-11-09 18:10:01.632000
672f9769446e0e6b8b6611f5,BTC,Bitcoin USD,75970,76845,75970,48063384179.366425,76549.12,76549.12,1731172200,2024-11-09 17:10:01.652000
672f895977f6aba608b0a6f7,BTC,Bitcoin USD,76340.1,76845,76142,48063384179.366425,76549.12,76549.12,1731168599,2024-11-09 16:10:01.417000
672f7b490351990b347e3e88,BTC,Bitcoin USD,76363.77,76845,76142,48063384179.366425,76549.12,76549.12,1731165000,2024-11-09 15:10:01.643000
672f6d3918ee4331943ed371,BTC,Bitcoin USD,76356.19,76845,76142,48063384179.366425,76549.12,76549.12,1731161399,2024-11-09 14:10:01.369000
672f5f29de28155ee87a3ae2,BTC,Bitcoin USD,76366,76845,76142,50930454703.9213,76549.12,76549.12,1731157800,2024-11-09 13:10:01.418000
672f5119d0e41f3161eb184d,BTC,Bitcoin USD,76461.1,76845,76142,52766577924.816696,76549.12,76549.12,1731154200,2024-11-09 12:10:01.076000
672f4309d7565ac5dda8f9b3,BTC,Bitcoin USD,76497.44,76845,76142,52342644832.893234,76549.12,76549.12,1731150600,2024-11-09 11:10:01.463000
672f34f9a0576aee46357884,BTC,Bitcoin USD,76603.6,76845,76142,49208901632,76549.12,76549.12,1731147000,2024-11-09 10:10:01.374000
672f26e9aeb5b20945bb0ac0,BTC,Bitcoin USD,76645.37,76845,76142,49208901632,76549.12,76549.12,1731143400,2024-11-09 09:10:01.421000
672f18d918c7a6c91f175610,BTC,Bitcoin USD,76496.58,76845,76142,55109610378.070854,76549.12,76549.12,1731139800,2024-11-09 08:10:01.718000
672f0ac9ddda703ba0eb895a,BTC,Bitcoin USD,76510,76845,76142,51156770816,76549.12,76549.12,1731136199,2024-11-09 07:10:01.317000
672efcb97ae2ee8087046fc9,BTC,Bitcoin USD,76704.9,76706.02,76142,51156770816,76549.12,76549.12,1731132600,2024-11-09 06:10:01.376000
672eeea9b36f7c82bac06f06,BTC,Bitcoin USD,76466.63,76641.805,76142,51156770816,76549.12,76549.12,1731128999,2024-11-09 05:10:01.157000
672ee09a390bd94af3310197,BTC,Bitcoin USD,76434.01,77312.18,75608,47466776264.38037,75900.03,75900.03,1731125400,2024-11-09 04:10:02.255000
672ed28a9bbd0a5e23479ecc,BTC,Bitcoin USD,76397.06,77312.18,75608,63599844152.51194,75900.03,75900.03,1731121800,2024-11-09 03:10:02.425000
672ec479e835aa1eb5b08aab,BTC,Bitcoin USD,76377.62,77312.18,75608,63599844152.51194,75900.03,75900.03,1731118201,2024-11-09 02:10:01.994000
672eb669417148b384f94d5a,BTC,Bitcoin USD,76552,77312.18,75608,63599844152.51194,75900.03,75900.03,1731114600,2024-11-09 01:10:01.394000
672ea85a7f51ca817b7770e1,BTC,Bitcoin USD,76605.51,77312.18,75608,63599844152.51194,75900.03,75900.03,1731111002,2024-11-09 00:10:02.955000
672e9a49ab92a2fd45aec435,BTC,Bitcoin USD,76471.14,77312.18,75608,63599844152.51194,75900.03,75900.03,1731107400,2024-11-08 23:10:01.583000
672e8c39e7c4a31188485e7d,BTC,Bitcoin USD,76597.54,77312.18,75608,63599844152.51194,75900.03,75900.03,1731103800,2024-11-08 22:10:01.627000
672e7e290585b0d74fd92341,BTC,Bitcoin USD,76781.41,77312.18,75608,63599844152.51194,75900.03,75900.03,1731100199,2024-11-08 21:10:01.408000
672e7019d37b35754d98fc72,BTC,Bitcoin USD,77147.82,77312.18,75608,63599844152.51194,75900.03,75900.03,1731096600,2024-11-08 20:10:01.766000
672e62093bcb70ff70aae6d1,BTC,Bitcoin USD,76947.74,77134.4,75608,61409729809.2575,75900.03,75900.03,1731093000,2024-11-08 19:10:01.941000
672e53f92f77de0f7e37da13,BTC,Bitcoin USD,76417.26,76660.72,75608,61409729809.2575,75900.03,75900.03,1731089399,2024-11-08 18:10:01.190000
672e45e99929d1f1de015963,BTC,Bitcoin USD,75914.74,76660.72,75608,64606805107.34769,75900.03,75900.03,1731085799,2024-11-08 17:10:01.325000
672e37d943a9e0e1d13dfc82,BTC,Bitcoin USD,76417.99,76660.72,75608,64606805107.34769,75900.03,75900.03,1731082199,2024-11-08 16:10:01.293000
672e29c9d3a2691d8ed31987,BTC,Bitcoin USD,75855,76483.28,75608,64606805107.34769,75900.03,75900.03,1731078600,2024-11-08 15:10:01.921000
672e1bb95c3fae302cca56df,BTC,Bitcoin USD,76308.28,76483.28,75608,64606805107.34769,75900.03,75900.03,1731075000,2024-11-08 14:10:01.118000
672e0da9f01b567e96886499,BTC,Bitcoin USD,76031.88,76410.4,75608,64606805107.34769,75900.03,75900.03,1731071400,2024-11-08 13:10:01.501000
672dff99ad66b9293d4024be,BTC,Bitcoin USD,76067.4,76410.4,75608,64606805107.34769,75900.03,75900.03,1731067800,2024-11-08 12:10:01.311000
672df1896a7f0848aa2a54f5,BTC,Bitcoin USD,76246.24,76410.4,75608,64606805107.34769,75900.03,75900.03,1731064200,2024-11-08 11:10:01.412000
672de37990632388502e1885,BTC,Bitcoin USD,75912.9,76399.99,75608,64606805107.34769,75900.03,75900.03,1731060600,2024-11-08 10:10:01.613000
672dd5697d608774158cdc02,BTC,Bitcoin USD,75988,76399.99,75608,63634296614.249626,75900.03,75900.03,1731056999,2024-11-08 09:10:01.358000
672dc759e2fe87689e6323dc,BTC,Bitcoin USD,76029.1,76399.99,75608,63280400022.993576,75900.03,75900.03,1731053400,2024-11-08 08:10:01.066000
672db9498dcfde885b730929,BTC,Bitcoin USD,75822,76399.99,75608,63452002193.876396,75900.03,75900.03,1731049800,2024-11-08 07:10:01.700000
672dab390c1dbcf971c76544,BTC,Bitcoin USD,75961.84,76399.99,75608,63452002193.876396,75900.03,75900.03,1731046200,2024-11-08 06:10:01.613000
672d9d29fdf1085ec95f9a8d,BTC,Bitcoin USD,76027.61,76399.99,75608,63452002193.876396,75900.03,75900.03,1731042600,2024-11-08 05:10:01.580000
672d8f193e727a3b0a4fed5f,BTC,Bitcoin USD,75866,76999,74397,65572842383.82235,75634.91,75634.91,1731038999,2024-11-08 04:10:01.423000
672d81097364598ad8964554,BTC,Bitcoin USD,75941.02,76999,74397,65572842383.82235,75634.91,75634.91,1731035399,2024-11-08 03:10:01.366000
672d72f9ec068375a844a0c1,BTC,Bitcoin USD,75878.05,76999,74397,65572842383.82235,75634.91,75634.91,1731031800,2024-11-08 02:10:01.339000
672d64e94cbb3fda848cc6f8,BTC,Bitcoin USD,76156.41,76999,74397,65572842383.82235,75634.91,75634.91,1731028199,2024-11-08 01:10:01.378000
672d56d9d59a0738e78c048a,BTC,Bitcoin USD,76109.79,76999,74397,65572842383.82235,75634.91,75634.91,1731024599,2024-11-08 00:10:01.163000
672d48c959f749f812c46d3f,BTC,Bitcoin USD,75851.39,76999,74397,66508891960.64352,75634.91,75634.91,1731021000,2024-11-07 23:10:01.492000
672d3ab99a5d8e0d5d83c6f6,BTC,Bitcoin USD,75818.94,76999,74397,66508891960.64352,75634.91,75634.91,1731017399,2024-11-07 22:10:01.400000
672d2caa918af3b318c60ccb,BTC,Bitcoin USD,76660,76999,74397,66508891960.64352,75634.91,75634.91,1731013800,2024-11-07 21:10:02.013000
672d1e99cf3639a5608728c3,BTC,Bitcoin USD,76586.83,76824,74397,66508891960.64352,75634.91,75634.91,1731010200,2024-11-07 20:10:01.639000
672d1089ee1b093e5adb2baf,BTC,Bitcoin USD,76489.02,76824,74397,66508891960.64352,75634.91,75634.91,1731006600,2024-11-07 19:10:01.409000
672d027915879ecfdc98d397,BTC,Bitcoin USD,76048,76582.97,74397,66508891960.64352,75634.91,75634.91,1731003000,2024-11-07 18:10:01.335000
672cf469c5eee09de824d3f7,BTC,Bitcoin USD,76012.02,76302.95,74397,63289276913.68943,75634.91,75634.91,1730999400,2024-11-07 17:10:01.558000
672ce65a38590ec8a11e7bbc,BTC,Bitcoin USD,75937.24,76302.95,74397,63289276913.68943,75634.91,75634.91,1730995800,2024-11-07 16:10:02.176000
672cd849ebf94926f3adb0c5,BTC,Bitcoin USD,75166.37,76067.11,74397,63289276913.68943,75634.91,75634.91,1730992200,2024-11-07 15:10:01.357000
672cca391a3ce4ef7c2a98b2,BTC,Bitcoin USD,74854.61,76067.11,74397,78455127432.08896,75634.91,75634.91,1730988600,2024-11-07 14:10:01.634000
672cbc292eb4618380742be8,BTC,Bitcoin USD,74956.9,76067.11,74397,78455127432.08896,75634.91,75634.91,1730985000,2024-11-07 13:10:01.615000
672cae19ee5a4ed641889751,BTC,Bitcoin USD,74928.6,76067.11,74397,80839232699.55296,75634.91,75634.91,1730981400,2024-11-07 12:10:01.636000
672ca009146cd501b09efbc8,BTC,Bitcoin USD,74980.59,76067.11,74397,80839232699.55296,75634.91,75634.91,1730977799,2024-11-07 11:10:01.374000
672c91f9379014709dc44435,BTC,Bitcoin USD,74875.2,76067.11,74397,80839232699.55296,75634.91,75634.91,1730974200,2024-11-07 10:10:01.414000
672c83e92b33cc89c5751e49,BTC,Bitcoin USD,75174.67,76067.11,74397,83397034959.56737,75634.91,75634.91,1730970600,2024-11-07 09:10:01.412000
672c75daf5a376e610f38b4c,BTC,Bitcoin USD,75053,76067.11,74397,100472330542.55545,75634.91,75634.91,1730967001,2024-11-07 08:10:02.949000
672c67c9d7052e5908a035ec,BTC,Bitcoin USD,74895.35,76067.11,74397,100472330542.55545,75634.91,75634.91,1730963399,2024-11-07 07:10:01.329000
672c59b99ec5c8234c6839c5,BTC,Bitcoin USD,74595.7,76067.11,74519.5,107350429217.2656,75634.91,75634.91,1730959797,2024-11-07 06:10:01.321000
672c4baaa15e4a8e48760c6a,BTC,Bitcoin USD,74815.65,76067.11,74632,107350429217.2656,75634.91,75634.91,1730956200,2024-11-07 05:10:02.076000
672c3d99c879dd88db2acd1f,BTC,Bitcoin USD,74900,76509.56,69371.32,138064991928.18057,69371.32,69371.32,1730952600,2024-11-07 04:10:01.372000
672c2f8adfdd7e73efb238c3,BTC,Bitcoin USD,75186.93,76509.56,69371.32,138064991928.18057,69371.32,69371.32,1730949001,2024-11-07 03:10:02.052000
672c21798d495b9340cf1ca0,BTC,Bitcoin USD,75411.11,76509.56,69371.32,138064991928.18057,69371.32,69371.32,1730945399,2024-11-07 02:10:01.351000
672c1369b1d23d80d32b061b,BTC,Bitcoin USD,75493.15,76509.56,69371.32,138064991928.18057,69371.32,69371.32,1730941800,2024-11-07 01:10:01.343000
672c055a06a442a0e4f8950c,BTC,Bitcoin USD,75429.32,76509.56,69371.32,138064991928.18057,69371.32,69371.32,1730938200,2024-11-07 00:10:02.190000
672bf7494bb0a0a2bdd0ca47,BTC,Bitcoin USD,75650.96,76509.56,69371.32,132396331691.52663,69371.32,69371.32,1730934600,2024-11-06 23:10:01.117000
672be9395c57c67615706155,BTC,Bitcoin USD,76043.43,76509.56,69371.32,132396331691.52663,69371.32,69371.32,1730930999,2024-11-06 22:10:01.074000
672bdb291045a2e5626e2192,BTC,Bitcoin USD,76082.9,76509.56,69371.32,132396331691.52663,69371.32,69371.32,1730927399,2024-11-06 21:10:01.081000
672bcd1916c3cb9d65620311,BTC,Bitcoin USD,75757,76200,69371.32,132396331691.52663,69371.32,69371.32,1730923800,2024-11-06 20:10:01.530000
672bbf09886c3c3e5bd98031,BTC,Bitcoin USD,75466.93,75900,69371.32,132396331691.52663,69371.32,69371.32,1730920200,2024-11-06 19:10:01.439000
672bb0fa81329b2e51c34cd1,BTC,Bitcoin USD,74929.33,75900,69371.32,132396331691.52663,69371.32,69371.32,1730916600,2024-11-06 18:10:02.350000
672ba2e9f5e5685b2d490481,BTC,Bitcoin USD,74554.08,75900,69371.32,132396331691.52663,69371.32,69371.32,1730912999,2024-11-06 17:10:01.341000
672b94d9788f51b6d0410bd1,BTC,Bitcoin USD,74358.92,75410.1,69371.32,132396331691.52663,69371.32,69371.32,1730909400,2024-11-06 16:10:01.312000
672b86c85bf2330dca5c806c,BTC,Bitcoin USD,74024.6,75410.1,69371.32,132396331691.52663,69371.32,69371.32,1730905799,2024-11-06 15:10:00.832000
672b78b9c863764d64b26ece,BTC,Bitcoin USD,73776.5,75410.1,69371.32,132396331691.52663,69371.32,69371.32,1730902200,2024-11-06 14:10:01.737000
672b6aa9904f56a49db2b12f,BTC,Bitcoin USD,74040.14,75410.1,69371.32,97659478016,69371.32,69371.32,1730898600,2024-11-06 13:10:01.355000
672b5c994676ba7fad404797,BTC,Bitcoin USD,74795.8,75410.1,69371.32,97659478016,69371.32,69371.32,1730895000,2024-11-06 12:10:01.521000
672b4e89e7e369da405ac2d5,BTC,Bitcoin USD,73740.94,75410.1,69371.32,97659478016,69371.32,69371.32,1730891399,2024-11-06 11:10:01.438000
672b4079b1e7e16e62148ed3,BTC,Bitcoin USD,73561.1,75410.1,69371.32,97659478016,69371.32,69371.32,1730887800,2024-11-06 10:10:01.415000
672b3269d37d2b9c54cf6176,BTC,Bitcoin USD,73832.11,75410.1,69371.32,97659478016,69371.32,69371.32,1730884199,2024-11-06 09:10:01.277000
672b24590ce4b78dad1dca87,BTC,Bitcoin USD,73293.3,75410.1,69371.32,77639573504,69371.32,69371.32,1730880600,2024-11-06 08:10:01.349000
672b1649d5ebac8d956e79b8,BTC,Bitcoin USD,74647.04,75410.1,69371.32,77639573504,69371.32,69371.32,1730876999,2024-11-06 07:10:01.208000
672b08398866cdb1977651d3,BTC,Bitcoin USD,74730.11,75127.99,69371.32,77639573504,69371.32,69371.32,1730873400,2024-11-06 06:10:01.344000
672afa29b181732b51eaed50,BTC,Bitcoin USD,74028.24,75080,69371.32,77639573504,69371.32,69371.32,1730869801,2024-11-06 05:10:01.496000
672aec1993950d7e9c6bd559,BTC,Bitcoin USD,74114.13,75080,67427.53,53207182797.99708,67785.195,67785.195,1730866200,2024-11-06 04:10:01.369000
672ade0aa528103edbd87580,BTC,Bitcoin USD,74114,75080,67427.53,53207182797.99708,67785.195,67785.195,1730862600,2024-11-06 03:10:02.383000
672acff94c3f83a7c3431daa,BTC,Bitcoin USD,71265.05,71576,67427.53,53207182797.99708,67785.195,67785.195,1730858999,2024-11-06 02:10:01.403000
672ac1e9f41075d03f0d9a5f,BTC,Bitcoin USD,71348.5,71576,67427.53,53207182797.99708,67785.195,67785.195,1730855399,2024-11-06 01:10:01.230000
672ab3d9190e549ab90d6f82,BTC,Bitcoin USD,69452.8,70599,67427.53,53207182797.99708,67785.195,67785.195,1730851799,2024-11-06 00:10:01.430000
672aa5ca1432b655a067cc6e,BTC,Bitcoin USD,69565.14,70599,67427.53,53207182797.99708,67785.195,67785.195,1730848200,2024-11-05 23:10:02.520000
672a97b932fe1e19c6757af1,BTC,Bitcoin USD,69093.61,70599,67427.53,53207182797.99708,67785.195,67785.195,1730844601,2024-11-05 22:10:01.931000
672a89a9971ff98ef174a49c,BTC,Bitcoin USD,69359.83,70599,67427.53,47472268978.66515,67785.195,67785.195,1730841000,2024-11-05 21:10:01.984000
672a7b99fa4afcb72a6a5a69,BTC,Bitcoin USD,69467.23,70599,67427.53,47472268978.66515,67785.195,67785.195,1730837400,2024-11-05 20:10:01.434000
672a6d8a7f97d259ad8033fd,BTC,Bitcoin USD,70249,70599,67427.53,47472268978.66515,67785.195,67785.195,1730833800,2024-11-05 19:10:02.018000
672a5f7b88abaeed19b849e0,BTC,Bitcoin USD,70093.36,70599,67427.53,42475942811.24187,67785.195,67785.195,1730830201,2024-11-05 18:10:03.068000
672a516a01636f7e221c251c,BTC,Bitcoin USD,70360,70599,67427.53,42475942811.24187,67785.195,67785.195,1730826600,2024-11-05 17:10:02.132000
672a4359cca1f615349e3c6b,BTC,Bitcoin USD,69824.92,70391,67427.53,44662759789.46421,67785.195,67785.195,1730822999,2024-11-05 16:10:01.401000
672a35496def5a237705dbe3,BTC,Bitcoin USD,69911.72,70391,67427.53,42767604449.40176,67785.195,67785.195,1730819401,2024-11-05 15:10:01.438000
672a273914d363249314a4d6,BTC,Bitcoin USD,68838.09,69145,67427.53,42767604449.40176,67785.195,67785.195,1730815800,2024-11-05 14:10:01.681000
672a19295dae48075d37fd8c,BTC,Bitcoin USD,68806.8,69145,67427.53,44971592649.16032,67785.195,67785.195,1730812199,2024-11-05 13:10:01.396000
672a0b19546be4047233eb39,BTC,Bitcoin USD,68843.3,69145,67427.53,44971592649.16032,67785.195,67785.195,1730808600,2024-11-05 12:10:01.883000
6729fd0b26c2ca39fd349dc2,BTC,Bitcoin USD,68811,69145,67427.53,44971592649.16032,67785.195,67785.195,1730804999,2024-11-05 11:10:03.490000
6729eef9696dca2942a8dafe,BTC,Bitcoin USD,68601.7,69145,67427.53,44971592649.16032,67785.195,67785.195,1730801401,2024-11-05 10:10:01.870000
6729e0eacbbabc407be8ed46,BTC,Bitcoin USD,68902.35,69145,67427.53,47269249161.61309,67785.195,67785.195,1730797800,2024-11-05 09:10:02.082000
6729d2d976a3c1cff0683eff,BTC,Bitcoin USD,68924.5,69069,67427.53,44462078101.005135,67785.195,67785.195,1730794200,2024-11-05 08:10:01.852000
6729c4ca0b942788f099199b,BTC,Bitcoin USD,68743.39,68849,67427.53,42438485526.766266,67785.195,67785.195,1730790600,2024-11-05 07:10:02.003000
6729b6b9a54645f144daf6f5,BTC,Bitcoin USD,68602.61,68849,67427.53,41155641344,67785.195,67785.195,1730787000,2024-11-05 06:10:01.660000
6729a8aa51223b83f8a233fa,BTC,Bitcoin USD,68333.05,68538,67427.53,41155641344,67785.195,67785.195,1730783401,2024-11-05 05:10:02.894000
67299a99088589dbd369d27c,BTC,Bitcoin USD,68243.41,69505,66783.77,38965565580.3792,68746.79,68746.79,1730779800,2024-11-05 04:10:01.968000
67298c8a1973a0e515b0f878,BTC,Bitcoin USD,67990,69505,66783.77,38965565580.3792,68746.79,68746.79,1730776199,2024-11-05 03:10:02.740000
67297e7917a53fc7b49073ce,BTC,Bitcoin USD,67918.84,69505,66783.77,46708404884.93312,68746.79,68746.79,1730772600,2024-11-05 02:10:01.929000
67297069078a3f8004c22469,BTC,Bitcoin USD,67941.11,69505,66783.77,20515066414.747223,68746.79,68746.79,1730769000,2024-11-05 01:10:01.985000
672962598c515e8e981ba289,BTC,Bitcoin USD,67823.03,69505,66783.77,20515066414.747223,68746.79,68746.79,1730765400,2024-11-05 00:10:01.907000
6729544905c7f3d37373308b,BTC,Bitcoin USD,67854.34,69505,66783.77,20515066414.747223,68746.79,68746.79,1730761800,2024-11-04 23:10:01.970000
672946394ccd7189b409b893,BTC,Bitcoin USD,67577.94,69505,66783.77,20515066414.747223,68746.79,68746.79,1730758200,2024-11-04 22:10:01.979000
6729382943ef46f384147d90,BTC,Bitcoin USD,67403.94,69505,67191,20515066414.747223,68746.79,68746.79,1730754600,2024-11-04 21:10:01.736000
67292a1922fd57d85bab426b,BTC,Bitcoin USD,67627.47,69505,67191,20515066414.747223,68746.79,68746.79,1730751000,2024-11-04 20:10:01.943000
67291c0adc92e61d96f61b3b,BTC,Bitcoin USD,67927.88,69505,67191,20515066414.747223,68746.79,68746.79,1730747399,2024-11-04 19:10:02.461000
67290df9ec7f2484ad22ae1f,BTC,Bitcoin USD,67614,69505,67191,20515066414.747223,68746.79,68746.79,1730743799,2024-11-04 18:10:01.479000
6728ffeaa2c314fc28517232,BTC,Bitcoin USD,67500.79,69505,67460,34681478841.77701,68746.79,68746.79,1730740200,2024-11-04 17:10:02.399000
6728f1d98f5fa4f1fa3cbe16,BTC,Bitcoin USD,68631.23,69505,68144.04,38538373750.634865,68746.79,68746.79,1730736600,2024-11-04 16:10:01.966000
6728e3ca1ba7045b0e88026b,BTC,Bitcoin USD,68341.33,69505,68144.04,38538373750.634865,68746.79,68746.79,1730733001,2024-11-04 15:10:02.126000
6728d5baa0bd4eeeab9696d5,BTC,Bitcoin USD,68560.46,69505,68261.336,38243756728.88892,68746.79,68746.79,1730729400,2024-11-04 14:10:02.108000
6728c7aae2ce25b8d7339e88,BTC,Bitcoin USD,69129,69505,68261.336,38243756728.88892,68746.79,68746.79,1730725800,2024-11-04 13:10:02.157000
6728b99a4ccc3fd953b48d20,BTC,Bitcoin USD,68828.13,69505,68261.336,36476881568.59632,68746.79,68746.79,1730722201,2024-11-04 12:10:02.561000
6728ab895b4eeb820666fb47,BTC,Bitcoin USD,68841,69505,68261.336,36476881568.59632,68746.79,68746.79,1730718600,2024-11-04 11:10:01.767000
67289d79f1c4c3ceedb95734,BTC,Bitcoin USD,68731.7,69505,68261.336,36476881568.59632,68746.79,68746.79,1730715000,2024-11-04 10:10:01.876000
67288f6931c150e9892efafd,BTC,Bitcoin USD,68783.79,69505,68261.336,36476881568.59632,68746.79,68746.79,1730711399,2024-11-04 09:10:01.450000
67288159bf0838be11871e01,BTC,Bitcoin USD,68528.2,69505,68261.336,35490640680.89532,68746.79,68746.79,1730707800,2024-11-04 08:10:01.454000
672873492fd399e416aecde4,BTC,Bitcoin USD,69036,69505,68261.336,35240674364.630714,68746.79,68746.79,1730704201,2024-11-04 07:10:01.865000
6728653a1dde6be95f07fb60,BTC,Bitcoin USD,68897.6,69505,68261.336,35240674364.630714,68746.79,68746.79,1730700600,2024-11-04 06:10:02.075000
67285729ecdcf34682739f47,BTC,Bitcoin USD,69014.46,69505,68261.336,32214575634.67127,68746.79,68746.79,1730697000,2024-11-04 05:10:01.864000
672849193729e0857b003f62,BTC,Bitcoin USD,69095.7,69505,67100.1,35353033558.09518,69346.72,69346.72,1730693399,2024-11-04 04:10:01.506000
67283b090d4e495041728b76,BTC,Bitcoin USD,69235,69505,67100.1,38062628169.137726,69346.72,69346.72,1730689800,2024-11-04 03:10:01.941000
67282cf93bd7fc58dfd9f514,BTC,Bitcoin USD,68959.65,69409,67100.1,38126887468.774124,69346.72,69346.72,1730686200,2024-11-04 02:10:01.701000
67281eeae39c84b676bca8aa,BTC,Bitcoin USD,68590.45,69409,67100.1,38126887468.774124,69346.72,69346.72,1730682601,2024-11-04 01:10:02.178000
672810d9cad7ef300ad402f3,BTC,Bitcoin USD,68570.18,69409,67100.1,31523721656.3194,69346.72,69346.72,1730678999,2024-11-04 00:10:01.961000
672802ca14d0dcfa290382af,BTC,Bitcoin USD,68722.39,69409,67100.1,31523721656.3194,69346.72,69346.72,1730675400,2024-11-03 23:10:02.058000
6727f4b91b1c6d742e0fee29,BTC,Bitcoin USD,69248.5,69409,67100.1,31523721656.3194,69346.72,69346.72,1730671800,2024-11-03 22:10:01.970000
6727e6a9bd22061baf39c92d,BTC,Bitcoin USD,69041,69374.9,67100.1,31523721656.3194,69346.72,69346.72,1730668200,2024-11-03 21:10:01.966000
6727d8998f4018ebe7ba8f4b,BTC,Bitcoin USD,68576.11,69374.9,67100.1,31523721656.3194,69346.72,69346.72,1730664600,2024-11-03 20:10:01.900000
6727ca8940db2e3ff4fb4439,BTC,Bitcoin USD,68279.78,69374.9,67100.1,31523721656.3194,69346.72,69346.72,1730661000,2024-11-03 19:10:01.994000
6727bc795160306f69bce335,BTC,Bitcoin USD,68388.42,69374.9,67100.1,28534005717.76288,69346.72,69346.72,1730657400,2024-11-03 18:10:01.931000
6727ae6a58aa4a3c3ce1d06e,BTC,Bitcoin USD,68407.25,69374.9,67100.1,27202445288.562614,69346.72,69346.72,1730653800,2024-11-03 17:10:02.665000
6727a05a039216b1c5c5f2a6,BTC,Bitcoin USD,68381.42,69374.9,67100.1,27202445288.562614,69346.72,69346.72,1730650200,2024-11-03 16:10:02.057000
672792490bd56a14224acd3e,BTC,Bitcoin USD,67588.02,69374.9,67100.1,27202445288.562614,69346.72,69346.72,1730646600,2024-11-03 15:10:01.937000
6727843aede0327e047a244a,BTC,Bitcoin USD,68044.97,69374.9,67100.1,24880384215.069633,69346.72,69346.72,1730642998,2024-11-03 14:10:02.063000
6727762901bf0645ab5cbe51,BTC,Bitcoin USD,68371.1,69374.9,67100.1,24880384215.069633,69346.72,69346.72,1730639400,2024-11-03 13:10:01.936000
672768196d364d268519e5f3,BTC,Bitcoin USD,68400,69374.9,67100.1,24880384215.069633,69346.72,69346.72,1730635801,2024-11-03 12:10:01.691000
67275a09146e541f824a3bbe,BTC,Bitcoin USD,68496.37,69374.9,67100.1,26162302550.15058,69346.72,69346.72,1730632200,2024-11-03 11:10:01.928000
67274bf9b738c5765145a9e4,BTC,Bitcoin USD,68245.2,69374.9,67100.1,25664707582.65717,69346.72,69346.72,1730628600,2024-11-03 10:10:01.861000
67273de95ec29da2da55a819,BTC,Bitcoin USD,68439.88,69374.9,67100.1,25481671459.55413,69346.72,69346.72,1730625000,2024-11-03 09:10:01.961000
67272fd98bfa87f88c94ca9f,BTC,Bitcoin USD,68291.47,69374.9,67100.1,25107391226.297104,69346.72,69346.72,1730621401,2024-11-03 08:10:01.668000
672721c9df3590b5aa28446e,BTC,Bitcoin USD,68613,69374.9,67100.1,25173800157.270103,69346.72,69346.72,1730617800,2024-11-03 07:10:01.873000
672713bacf56d66a82d8b8b7,BTC,Bitcoin USD,68441.54,69374.9,67100.1,25173800157.270103,69346.72,69346.72,1730614201,2024-11-03 06:10:02.427000
672705a998edbd7a05ed5a0e,BTC,Bitcoin USD,68635,69374.9,67100.1,24089842241.45799,69346.72,69346.72,1730610600,2024-11-03 05:10:01.970000
6726f799ab5a774665fccdf2,BTC,Bitcoin USD,68379.18,69374.9,67100.1,24089842241.45799,69346.72,69346.72,1730607000,2024-11-03 04:10:01.888000
6726e98a3f800c6e96560339,BTC,Bitcoin USD,68265.05,70000,67100.1,18199314447.788887,69476.78,69476.78,1730603400,2024-11-03 03:10:02.112000
6726db7a2a0379c3e10bec5b,BTC,Bitcoin USD,68911.66,70000,68855.7,18199314447.788887,69476.78,69476.78,1730599800,2024-11-03 02:10:02.333000
6726cd6953a53b22b60d5ccb,BTC,Bitcoin USD,69130.34,70000,69000,18251840910.308727,69476.78,69476.78,1730596200,2024-11-03 01:10:01.943000
6726bf5b062b2dc3b39b4c9f,BTC,Bitcoin USD,69274.09,70000,69000,18685191597.92379,69476.78,69476.78,1730592602,2024-11-03 00:10:03.840000
6726b149427d42dc26936e30,BTC,Bitcoin USD,69275.84,70000,69000,20221908296.146984,69476.78,69476.78,1730589000,2024-11-02 23:10:01.890000
6726a339966067f2769619f7,BTC,Bitcoin USD,69486.1,70000,69000,20221908296.146984,69476.78,69476.78,1730585400,2024-11-02 22:10:01.657000
672695297222003579d6c670,BTC,Bitcoin USD,69447.5,70000,69000,20221908296.146984,69476.78,69476.78,1730581800,2024-11-02 21:10:01.786000
67268719edc3ce2b814e53c6,BTC,Bitcoin USD,69492.75,70000,69000,21070371617.237667,69476.78,69476.78,1730578201,2024-11-02 20:10:01.905000
6726790985a3504539bc3f2d,BTC,Bitcoin USD,69450.83,70000,69000,21070371617.237667,69476.78,69476.78,1730574600,2024-11-02 19:10:01.416000
67266af91c7f8e9215e8cec9,BTC,Bitcoin USD,69225.58,70000,69000,21070371617.237667,69476.78,69476.78,1730570998,2024-11-02 18:10:01.136000
67265ce94cee41ff0153b2cc,BTC,Bitcoin USD,69497.4,70000,69000,37020001695.14335,69476.78,69476.78,1730567400,2024-11-02 17:10:01.422000
67264ed9778173272252aec5,BTC,Bitcoin USD,69406.01,69940.7,69000,37020001695.14335,69476.78,69476.78,1730563799,2024-11-02 16:10:01.424000
672640c94fcf4f0565e77235,BTC,Bitcoin USD,69214.17,69939,69000,37020001695.14335,69476.78,69476.78,1730560200,2024-11-02 15:10:01.443000
672632b92cbb27b92e7d4a70,BTC,Bitcoin USD,69351.48,69939,69253.07,40922056349.95432,69476.78,69476.78,1730556599,2024-11-02 14:10:01.186000
672624a93d9b0f44648f32c3,BTC,Bitcoin USD,69497.13,69939,69355,40922056349.95432,69476.78,69476.78,1730553000,2024-11-02 13:10:01.372000
67261699bcd324c21137854f,BTC,Bitcoin USD,69639.1,69939,69375,40101930306.34084,69476.78,69476.78,1730549400,2024-11-02 12:10:01.495000
67260889abe81f679c062351,BTC,Bitcoin USD,69581,69939,69375,36868940981.31923,69476.78,69476.78,1730545798,2024-11-02 11:10:01.401000
6725fa7969400ce2a905b5ce,BTC,Bitcoin USD,69475.33,69939,69375,45093199469.9452,69476.78,69476.78,1730542199,2024-11-02 10:10:01.497000
6725ec694c6f4056b440f01b,BTC,Bitcoin USD,69603,69939,69414.79,44616389491.71975,69476.78,69476.78,1730538598,2024-11-02 09:10:01.432000
6725de59bcf44476938a9075,BTC,Bitcoin USD,69791.7,69939,69414.79,42453299200,69476.78,69476.78,1730535000,2024-11-02 08:10:01.535000
6725d049bd74e3d8665ee543,BTC,Bitcoin USD,69723.93,69939,69414.79,47347773438.343155,69476.78,69476.78,1730531400,2024-11-02 07:10:01.421000
6725c2392ecab7f9c39b03b9,BTC,Bitcoin USD,69647.03,69939,69414.79,47372713758.65764,69476.78,69476.78,1730527799,2024-11-02 06:10:01.508000
6725b4291b02d9635ff0cb57,BTC,Bitcoin USD,69475,69939,69414.79,46527622373.04784,69476.78,69476.78,1730524198,2024-11-02 05:10:01.785000
6725a61931436822378b3986,BTC,Bitcoin USD,69534.92,69939,69441.17,48344712858.64798,69476.78,69476.78,1730520599,2024-11-02 04:10:01.775000
6725980986e11af9c6cc4bc0,BTC,Bitcoin USD,69751.91,71653,68720,47007862651.02115,70202.875,70202.875,1730516999,2024-11-02 03:10:01.425000
672589f912926d1d0a81bd23,BTC,Bitcoin USD,69699.15,71653,68720,54926368821.885155,70202.875,70202.875,1730513399,2024-11-02 02:10:01.432000
67257be925906e7ad773ff28,BTC,Bitcoin USD,69641,71653,68720,54926368821.885155,70202.875,70202.875,1730509800,2024-11-02 01:10:01.470000
67256dd927d036f80a69d9fd,BTC,Bitcoin USD,69662,71653,68720,54926368821.885155,70202.875,70202.875,1730506200,2024-11-02 00:10:01.431000
67255fc920f8314d44a912ef,BTC,Bitcoin USD,69493.18,71653,68720,55561606712.26781,70202.875,70202.875,1730502599,2024-11-01 23:10:01.409000
672551b9ecd9d80b53df0b16,BTC,Bitcoin USD,69325,71653,68720,57261403460.97744,70202.875,70202.875,1730499000,2024-11-01 22:10:01.526000
672543a9d27c567f38b38e30,BTC,Bitcoin USD,69298.71,71653,68720,57261403460.97744,70202.875,70202.875,1730495400,2024-11-01 21:10:01.594000
67253599d1218042fe4f4b58,BTC,Bitcoin USD,69211.07,71653,68720,57261403460.97744,70202.875,70202.875,1730491800,2024-11-01 20:10:01.357000
6725278999e1851fd7673476,BTC,Bitcoin USD,68979.81,71653,68750.37,56721746788.59922,70202.875,70202.875,1730488200,2024-11-01 19:10:01.436000
672519790d112bf3f31a7152,BTC,Bitcoin USD,69402.54,71653,68750.37,53491525916.3707,70202.875,70202.875,1730484600,2024-11-01 18:10:01.571000
67250b6975fd6c0693833112,BTC,Bitcoin USD,69603.47,71653,68750.37,53491525916.3707,70202.875,70202.875,1730481000,2024-11-01 17:10:01.369000
6724fd59fd8bfc34ff0ad7f3,BTC,Bitcoin USD,69744.62,71653,68750.37,53491525916.3707,70202.875,70202.875,1730477400,2024-11-01 16:10:01.582000
6724ef49a987be56fe4ac928,BTC,Bitcoin USD,70990,71653,68750.37,53491525916.3707,70202.875,70202.875,1730473799,2024-11-01 15:10:01.383000
6724e139a9a567e1e3ea214c,BTC,Bitcoin USD,71249.1,71371,68750.37,45366349486.19941,70202.875,70202.875,1730470199,2024-11-01 14:10:01.468000
6724d32922328326dd745dae,BTC,Bitcoin USD,70165.1,70462.8,68750.37,45366349486.19941,70202.875,70202.875,1730466598,2024-11-01 13:10:01.486000
6724c519518fd8d093d11e11,BTC,Bitcoin USD,70051.3,70462.8,68750.37,45366349486.19941,70202.875,70202.875,1730463000,2024-11-01 12:10:01.491000
6724b709fc765b1164aa2545,BTC,Bitcoin USD,69994.3,70462.8,68750.37,45366349486.19941,70202.875,70202.875,1730459399,2024-11-01 11:10:01.246000
6724a8f923035a947669552b,BTC,Bitcoin USD,69544.6,70462.8,68750.37,45366349486.19941,70202.875,70202.875,1730455800,2024-11-01 10:10:01.389000
67249ae9022b4d9b16a6bba8,BTC,Bitcoin USD,69369.09,70462.8,68750.37,45704957952,70202.875,70202.875,1730452199,2024-11-01 09:10:01.422000
67248cd9f98a624fd89591df,BTC,Bitcoin USD,69235.5,70462.8,68750.37,45704957952,70202.875,70202.875,1730448600,2024-11-01 08:10:01.211000
67247ec94852846f184ca9c8,BTC,Bitcoin USD,69120.67,70462.8,68750.37,50143018771.2361,70202.875,70202.875,1730445000,2024-11-01 07:10:01.721000
672470b9da1f54e736df9e95,BTC,Bitcoin USD,69466.26,70462.8,68750.37,44328828928,70202.875,70202.875,1730441396,2024-11-01 06:10:01.477000
672462a984740c6096ff40a3,BTC,Bitcoin USD,69467.89,70462.8,68750.37,44328828928,70202.875,70202.875,1730437800,2024-11-01 05:10:01.424000
67245499582bb726d34f1de7,BTC,Bitcoin USD,69343.6,70462.8,68750.37,44328828928,70202.875,70202.875,1730434199,2024-11-01 04:10:01.641000
672446891b06085e23c15183,BTC,Bitcoin USD,69545.77,72684.02,68750.37,45519827319.2272,72334.6,72334.6,1730430600,2024-11-01 03:10:01.429000
67243879971eb8b79fa8069f,BTC,Bitcoin USD,68922.76,72684.02,68902.24,45519827319.2272,72334.6,72334.6,1730427000,2024-11-01 02:10:01.680000
67242a696b3902285a71a653,BTC,Bitcoin USD,70235.5,72684.02,69559.33,45519827319.2272,72334.6,72334.6,1730423400,2024-11-01 01:10:01.458000
67241c596d9d8bbf9af61274,BTC,Bitcoin USD,70279.98,72684.02,69559.33,38527435776.815056,72334.6,72334.6,1730419798,2024-11-01 00:10:01.511000
67240e4992013f1bdb11bcbd,BTC,Bitcoin USD,70327.64,72684.02,69559.33,45710820021.44916,72334.6,72334.6,1730416200,2024-10-31 23:10:01.628000
67240039d8514141e3ee7490,BTC,Bitcoin USD,70250.01,72684.02,69559.33,45710820021.44916,72334.6,72334.6,1730412600,2024-10-31 22:10:01.558000
6723f2293a3136b03d326116,BTC,Bitcoin USD,70004.6,72684.02,69559.33,45495666730.61622,72334.6,72334.6,1730409000,2024-10-31 21:10:01.463000
6723e419f707da27eed27eb8,BTC,Bitcoin USD,69976.83,72684.02,69878,45495666730.61622,72334.6,72334.6,1730405400,2024-10-31 20:10:01.396000
6723d609267707447440a93d,BTC,Bitcoin USD,70589,72684.02,70000.7,45495666730.61622,72334.6,72334.6,1730401800,2024-10-31 19:10:01.990000
6723c7f9fe263c445be7792a,BTC,Bitcoin USD,70362.28,72684.02,70249.1,45495666730.61622,72334.6,72334.6,1730398200,2024-10-31 18:10:01.409000
6723b9e9f8b71a1c349875ce,BTC,Bitcoin USD,70580.53,72684.02,70249.1,45495666730.61622,72334.6,72334.6,1730394600,2024-10-31 17:10:01.455000
6723abd90dbe4e3ade718af2,BTC,Bitcoin USD,70522.67,72684.02,70249.1,40015299599.16938,72334.6,72334.6,1730391000,2024-10-31 16:10:01.450000
67239dc92215f91a7f89f1c7,BTC,Bitcoin USD,70939.1,72684.02,70511.03,40015299599.16938,72334.6,72334.6,1730387400,2024-10-31 15:10:01.773000
67238fba19b97ed33e02c546,BTC,Bitcoin USD,71211.65,72684.02,70730.8,40015299599.16938,72334.6,72334.6,1730383800,2024-10-31 14:10:02.327000
672381a93b5b3ca1db7a7fa0,BTC,Bitcoin USD,72023.09,72684.02,71974,40737568513.112625,72334.6,72334.6,1730380199,2024-10-31 13:10:01.215000
6723739916a3b5ed1006893d,BTC,Bitcoin USD,72213.9,72684.02,72000,41619875570.11041,72334.6,72334.6,1730376599,2024-10-31 12:10:01.433000
67236588199b14b3bbb34676,BTC,Bitcoin USD,72518.58,72684.02,72000,40529162750.36896,72334.6,72334.6,1730372996,2024-10-31 11:10:00.995000
672357795925ca28149b75b1,BTC,Bitcoin USD,72280.25,72668,72000,41313015674.47229,72334.6,72334.6,1730369400,2024-10-31 10:10:01.371000
6723496953578a8da295652e,BTC,Bitcoin USD,72321.29,72668,72000,42048043087.87938,72334.6,72334.6,1730365799,2024-10-31 09:10:01.220000
67233b5906e30f404bfb0805,BTC,Bitcoin USD,72340.8,72668,72000,38495277056,72334.6,72334.6,1730362200,2024-10-31 08:10:01.421000
67232d49d5ffcdee0751fbb1,BTC,Bitcoin USD,72258.23,72668,72000,42317934239.2203,72334.6,72334.6,1730358597,2024-10-31 07:10:01.226000
67231f39d5d31c41de784fc1,BTC,Bitcoin USD,72312.8,72668,72000,42616636624.017784,72334.6,72334.6,1730354999,2024-10-31 06:10:01.577000
67231129aa58018a9fbb0d2f,BTC,Bitcoin USD,72208.6,72668,72000,43326820392.89373,72334.6,72334.6,1730351399,2024-10-31 05:10:01.381000
672303198f33a302f3c8cd7c,BTC,Bitcoin USD,72348,72668,72000,43029505344.694016,72334.6,72334.6,1730347798,2024-10-31 04:10:01.139000
6722f50907e36e1b4aadd36d,BTC,Bitcoin USD,72510.53,73060,71246.2,43273111189.859825,72707.63,72707.63,1730344200,2024-10-31 03:10:01.537000
6722e6f971777973c6583fe9,BTC,Bitcoin USD,72208.5,73060,71246.2,43273111189.859825,72707.63,72707.63,1730340600,2024-10-31 02:10:01.408000
6722d8e943606764e56ca8bb,BTC,Bitcoin USD,72298.08,73060,71246.2,43273111189.859825,72707.63,72707.63,1730337000,2024-10-31 01:10:01.395000
6722cad9b9db16f181850c49,BTC,Bitcoin USD,72364.69,73060,71246.2,42885201857.648575,72707.63,72707.63,1730333399,2024-10-31 00:10:01.412000
6722bcc968150712eb67e6dd,BTC,Bitcoin USD,72515,73060,71246.2,51615944773.19123,72707.63,72707.63,1730329800,2024-10-30 23:10:01.631000
6722aeb9cb467706f3db7462,BTC,Bitcoin USD,72462.23,73060,71246.2,51615944773.19123,72707.63,72707.63,1730326200,2024-10-30 22:10:01.399000
6722a0a922bcd7057de0df46,BTC,Bitcoin USD,72777.77,73060,71246.2,51615944773.19123,72707.63,72707.63,1730322600,2024-10-30 21:10:01.993000
67229299a8e5ad836c73a515,BTC,Bitcoin USD,71895.65,72714.38,71246.2,51615944773.19123,72707.63,72707.63,1730318998,2024-10-30 20:10:01.287000
67228489678bcc838161f562,BTC,Bitcoin USD,71908,72714.38,71246.2,51615944773.19123,72707.63,72707.63,1730315398,2024-10-30 19:10:01.412000
67227678021bec3f60caeb33,BTC,Bitcoin USD,71965.36,72714.38,71246.2,51615944773.19123,72707.63,72707.63,1730311800,2024-10-30 18:10:00.903000
6722686980a6e0b9506445cd,BTC,Bitcoin USD,71844.43,72714.38,71246.2,53822506151.41046,72707.63,72707.63,1730308199,2024-10-30 17:10:01.142000
67225a59e1ec144f14b475e3,BTC,Bitcoin USD,71904.7,72714.38,71246.2,54820893715.50042,72707.63,72707.63,1730304600,2024-10-30 16:10:01.564000
67224c4908394fbc0ed3dc04,BTC,Bitcoin USD,72287.41,72714.38,71246.2,54820893715.50042,72707.63,72707.63,1730301000,2024-10-30 15:10:01.411000
67223e3aeb57cf5484562558,BTC,Bitcoin USD,72131,72714.38,71246.2,54820893715.50042,72707.63,72707.63,1730297400,2024-10-30 14:10:02.020000
6722302a7cbb0bee18e8dee4,BTC,Bitcoin USD,71781.03,72714.38,71645,54820893715.50042,72707.63,72707.63,1730293800,2024-10-30 13:10:02.879000
67222219dad2e7713a41b2f3,BTC,Bitcoin USD,72019.22,72714.38,71645,54820893715.50042,72707.63,72707.63,1730290200,2024-10-30 12:10:01.776000
67221409ff01955c3069e0be,BTC,Bitcoin USD,72246.47,72714.38,71878.8,54820893715.50042,72707.63,72707.63,1730286599,2024-10-30 11:10:01.402000
672205f9690a13996b717468,BTC,Bitcoin USD,72457.4,72714.38,71878.8,54820893715.50042,72707.63,72707.63,1730283000,2024-10-30 10:10:01.472000
6721f7e8f840007c7991bc6b,BTC,Bitcoin USD,72306,72714.38,71878.8,52155367424,72707.63,72707.63,1730279400,2024-10-30 09:10:00.882000
6721e9d95b1c5fc860397ce6,BTC,Bitcoin USD,72295,72714.38,71878.8,52155367424,72707.63,72707.63,1730275800,2024-10-30 08:10:01.401000
6721dbc9671a58e863145e34,BTC,Bitcoin USD,72360.54,72714.38,71878.8,58401951086.64529,72707.63,72707.63,1730272193,2024-10-30 07:10:01.512000
6721cdb9f263de9683431548,BTC,Bitcoin USD,72544.82,72714.38,71878.8,58401951086.64529,72707.63,72707.63,1730268600,2024-10-30 06:10:01.468000
6721bfa9f984688840dbd3ba,BTC,Bitcoin USD,72349.32,72714.38,71878.8,58401951086.64529,72707.63,72707.63,1730264999,2024-10-30 05:10:01.383000
6721b19937a642ca5b8e0a0f,BTC,Bitcoin USD,72233.49,72714.38,71878.8,54173790208,72707.63,72707.63,1730261399,2024-10-30 04:10:01.541000
6721a389b8bbe4c9e7c78648,BTC,Bitcoin USD,72409.57,73624.98,69705.76,58603115934.46413,69911.74,69911.74,1730257800,2024-10-30 03:10:01.620000
672195791c3e805a10c12009,BTC,Bitcoin USD,72523.38,73624.98,69705.76,65335966308.25031,69911.74,69911.74,1730254200,2024-10-30 02:10:01.506000
67218769fdf3af5790231914,BTC,Bitcoin USD,72053.85,73624.98,69705.76,65335966308.25031,69911.74,69911.74,1730250601,2024-10-30 01:10:01.549000
67217959d001e3716c051d0f,BTC,Bitcoin USD,72508.29,73624.98,69705.76,66547954427.65017,69911.74,69911.74,1730247000,2024-10-30 00:10:01.659000
67216b4b553498c4e5360b70,BTC,Bitcoin USD,72607.98,73624.98,69705.76,66547954427.65017,69911.74,69911.74,1730243401,2024-10-29 23:10:03.086000
67215d3ad137b9f3e7218ce6,BTC,Bitcoin USD,72331,73624.98,69705.76,66547954427.65017,69911.74,69911.74,1730239800,2024-10-29 22:10:02.154000
67214f298e35b2994b8f5e71,BTC,Bitcoin USD,72441.82,73624.98,69705.76,66547954427.65017,69911.74,69911.74,1730236198,2024-10-29 21:10:01.652000
67214119258a201723eff468,BTC,Bitcoin USD,72291.31,73624.98,69705.76,47301738496,69911.74,69911.74,1730232599,2024-10-29 20:10:01.441000
672133095da576ebdf537995,BTC,Bitcoin USD,73464,73500,69705.76,47301738496,69911.74,69911.74,1730228999,2024-10-29 19:10:01.381000
672124fb040c4decb1c4ccb5,BTC,Bitcoin USD,72713.81,73236.7,69705.76,47301738496,69911.74,69911.74,1730225399,2024-10-29 18:10:03.439000
672116ebbe6c0d153d923863,BTC,Bitcoin USD,72716.06,73236.7,69705.76,47301738496,69911.74,69911.74,1730221802,2024-10-29 17:10:03.681000
672108d9f58cb0de1054dfa8,BTC,Bitcoin USD,72514.53,73236.7,69705.76,47301738496,69911.74,69911.74,1730218200,2024-10-29 16:10:01.405000
6720fac969eec85b59df4cb8,BTC,Bitcoin USD,71729.1,72120.1,69705.76,47301738496,69911.74,69911.74,1730214600,2024-10-29 15:10:01.766000
6720ecb98189402ad73e0cb1,BTC,Bitcoin USD,71523.4,71973.28,69705.76,47301738496,69911.74,69911.74,1730211000,2024-10-29 14:10:01.829000
6720dea9a5e94cad508e7466,BTC,Bitcoin USD,71080,71579,69705.76,47301738496,69911.74,69911.74,1730207399,2024-10-29 13:10:01.474000
6720d099048ffb02651db936,BTC,Bitcoin USD,71409.14,71579,69705.76,47301738496,69911.74,69911.74,1730203798,2024-10-29 12:10:01.557000
6720c2899943fd262d4fb8ab,BTC,Bitcoin USD,71201.55,71500,69705.76,47301738496,69911.74,69911.74,1730200200,2024-10-29 11:10:01.545000
6720b4793867d989ac5b6789,BTC,Bitcoin USD,71202.1,71500,69705.76,47301738496,69911.74,69911.74,1730196600,2024-10-29 10:10:01.397000
6720a66909cdc7e71f2553e5,BTC,Bitcoin USD,71162.96,71500,69705.76,47301738496,69911.74,69911.74,1730192999,2024-10-29 09:10:01.510000
67209859084c308cce96ab52,BTC,Bitcoin USD,70966.7,71500,69705.76,47301738496,69911.74,69911.74,1730189400,2024-10-29 08:10:01.511000
67208a48b3c4d0966bf86eb7,BTC,Bitcoin USD,71082.71,71500,69705.76,41397597358.07814,69911.74,69911.74,1730185799,2024-10-29 07:10:00.940000
67207c39ace15b344deea747,BTC,Bitcoin USD,71139.18,71500,69705.76,41397597358.07814,69911.74,69911.74,1730182199,2024-10-29 06:10:01.028000
67206e2943f402066394b098,BTC,Bitcoin USD,70965.28,71500,69705.76,41397597358.07814,69911.74,69911.74,1730178601,2024-10-29 05:10:01.594000
67206019153a19ee6220e4db,BTC,Bitcoin USD,70937.71,71500,69705.76,41397597358.07814,69911.74,69911.74,1730175000,2024-10-29 04:10:01.453000
67205209c65dab98cb2767c4,BTC,Bitcoin USD,71253.52,71500,67532.48,42531772080.25738,67939.54,67939.54,1730171400,2024-10-29 03:10:01.406000
672043f98da4b64a5f5ccf0a,BTC,Bitcoin USD,70555.29,70627,67532.48,23386023781.598923,67939.54,67939.54,1730167799,2024-10-29 02:10:01.322000
672035e9c70c1518767c3810,BTC,Bitcoin USD,69853.64,70288,67532.48,23386023781.598923,67939.54,67939.54,1730164200,2024-10-29 01:10:01.585000
672027d95412af04d3409829,BTC,Bitcoin USD,69752.42,70288,67532.48,23386023781.598923,67939.54,67939.54,1730160599,2024-10-29 00:10:01.244000
672019c9089645a6a1b4e245,BTC,Bitcoin USD,70051,70288,67532.48,36650872832,67939.54,67939.54,1730157000,2024-10-28 23:10:01.572000
67200bb969e8595721097b61,BTC,Bitcoin USD,70056,70282,67532.48,23386023781.598923,67939.54,67939.54,1730153401,2024-10-28 22:10:01.440000
671ffda918a228720569ebfa,BTC,Bitcoin USD,69741.99,70000,67532.48,23386023781.598923,67939.54,67939.54,1730149800,2024-10-28 21:10:01.578000
671fef9955e3471035ab5db7,BTC,Bitcoin USD,69438,70000,67532.48,23386023781.598923,67939.54,67939.54,1730146199,2024-10-28 20:10:01.627000
671fe189683b345a3816fc72,BTC,Bitcoin USD,69376.6,69529,67532.48,23386023781.598923,67939.54,67939.54,1730142599,2024-10-28 19:10:01.133000
671fda822cc08b73f05286b8,BTC,Bitcoin USD,68965.91,69299,67532.48,23386023781.598923,67939.54,67939.54,1730140801,2024-10-28 18:40:02.660000
671fd953121c9d2cf281cec8,BTC,Bitcoin USD,68849.38,69299,67532.48,23386023781.598923,67939.54,67939.54,1730140498,2024-10-28 18:34:59.541000
671fcd9c4aac518e24176ab0,BTC,Bitcoin USD,69151.61,69299,67532.48,23386023781.598923,67939.54,67939.54,1730137499,2024-10-28 17:45:00.878000
671fcd3dd4d6d91aa881bea7,BTC,Bitcoin USD,69172.61,69299,67532.48,23386023781.598923,67939.54,67939.54,1730137403,2024-10-28 17:43:25.399000
671fcae9e7a827dbfe8545d0,BTC,Bitcoin USD,69086.55,69299,67532.48,23386023781.598923,67939.54,67939.54,1730136809,2024-10-28 17:33:29.737000
671fc9e0862dc54995d32684,BTC,Bitcoin USD,68862.88,69299,67532.48,23386023781.598923,67939.54,67939.54,1730136542,2024-10-28 17:29:04.644000
671fb860ac52f5b0f7c30c9d,BTC,Bitcoin USD,68720,69299,67532.48,23386023781.598923,67939.54,67939.54,1730132063,2024-10-28 16:14:24.819000
